1,NIL
2,
3,BALAGURUSAMY.E
4,"SATYANARAYANA,U"
6,SHARMA.Y.R
7,AGARWAL.O.P
8,AGARWAL.K.C
9,"RAMA MURTHY,M.S"
10,"RAMACHANDRA  ARYASRI,A"
11,"RAMANA MURTHY,V.V."
12,"TULSIAN,P.C"
13,"PATTABHIRAM,B.V."
14,STANSFIELD.WILLAM 
15,"COLOME,JAIME.S"
16,"CANO,RAUL.J"
17,"KARLINS,DAVID"
18,"BAYROSS,IVAN"
19,"DAVIS,GUY HART"
20,"McGRATH,E.H."
21,PRAMOD BATRA
22,VIJAY BATRA
23," MORGAN,CLIFFORD T"
24,"MORGAN, CLIFFORDT"
25,"SAXENA,B.S."
26,GUPTA
27,"SAXENA,P.N."
28,"KITTEL,CHARLES"
29,"TAYAL,D.C"
30,"DHARMA RAO,V"
31,"VENKATESWARA RAO, P"
32,"RANGANAYAKULU,S.V."
33,"LEELA,V.H."
34,"BALAKRISHNA PRASAD,P"
35,"SESHA SRINIVAS,V."
36,"PRASAD,K.N"
37,"RAMA RAO,R.S"
38,"GUPTA,P.P"
39,"RAM MOHAN RAO,A"
40,"CHAKRAPANI,M"
41,"RAMA RAO,K.V"
42,"RAGHAVA RAO,K.V"
43,"LAKSHMAIAH SETTY,B"
44,"JANARDHANA SARMA,J"
45,"NIRMALA DEVI,M"
46,"GOPI KRISHNA,S"
47,"NARASIMHA RAO,R.V.L."
48,"NAGESWARA RAO,S"
49,"RAMANA,S.V."
50,"MAHESWARI,S.N."
51,"DAS,H.K."
52,"JAIN,J.L."
53,SANJAY JAIN
54,NITIN JAIN
55,"MARSHALL,A.J"
56,"VERMA,P.S"
57,"AGARWAL,V.K."
58,"POWAR,C.B."
59,"JORDAN,E.L."
60,"BOREM,ALUIZIO"
61,"SATOS,FABRICO.R"
62,"BOWEN,DAVID.E"
63,"MIGLANI,G.S"
64,"TWYMEN,R.M"
65,"SINHA,K.P"
66,"SRIVASTAVA,H.S"
67,DULSEY FATIMA
68,"KULKARINI,K.V"
69,"SUBBARYUDU,V"
70," BAHL,ARUN "
71,"GOPALA KRISHNA,C"
72,"SUBBA RAO,B"
73,"GOLDSBY,RICHARD.A"
74,"MARTINI,FEDRIC.H"
75,"ANJANEYULU REDDY,K"
76,"RAJESH,M"
77,"SWAPNA,M"
78,"ANJANEYULU,S."
79,"KRISHNA MURTHY,T"
80,"SAMBASIVA RAO,B"
81,"RAMAKRISHNA,K"
82,"CHATURVEDI,P.D"
83,MUKESH CHATURVEDI
84,"PRASAD,L.M"
85,VARINDER KUMAR
86,BODH RAJ
87,"MADANLAL,MALPANI"
88,"SHAMSUNDAR,MALPANI"
89,"VIJAYA LAKSHMI,A"
90,"RAMRAJ,S.K"
91,"LAKSHMI DEVI,V"
92,"SRINIVAS,K"
93,"SRIKANTH,M"
94,"NAGA SRI,P"
95,"RAGHAVAN,T.K.V"
96,"VIJAYA KUMAR,M"
97,"PADMA REDDY,Y"
98,"SUSHMITA PRIYA,V"
99,RATNA KUMARI
100,"SRINIVASA RAO,C"
101,"BHASKAR,S"
102,"SACHDEVA,S.K."
103,"SHARMA,Y.R"
104,"RAMARAO,K"
105,"VENKATESWARA RAO,V"
106,"BRAHMAJI,D.V"
107,"AMMANNA SASTRY,A.S.S"
108,"MURTHY,B.R.C."
109,"GOPAL,C"
110,"SHANKERA RAO,G"
111,"SATYANARAYANA,G"
112,"JAIN,S.P."
113,"NARANG,K.L"
114,"GUPTA,SHASHI.K"
115,"SHARMA,R.K"
116,"HURLOCK,ELIGEBETH.B"
117,"SUBBARAO,P"
118,"KOTLER,PHILIP"
119,RODNEY BOYER
120,"HYDE,RICHARD.M"
121,"NARAYANA RAO,V"
122,"PATRI, DIGAMBAR"
123,"PATRI,D.N"
124,"CHATTOPADHYAY,D"
125,"RAKSHIT,P.C"
126,"GOSWAMI,S.N"
127,"DAS GUPTA, ASHOK KUMAR"
128,"CHAKRABARTI,P.K"
129,"BASU,C.R"
130,"HALL,CALVIN.S"
131,"GUPTA,S.L"
132,SANJEEV GUPTA
133,"SRINIVASAN,T"
134,"POUGH,HARVEY.F"
135,"SILVERSTEIN,M"
136,"CHRISTIAN,GARY.D"
137,"SHEELER,PHILIP"
138,"BIANCHI,DONALD.E"
139,"LEWIN,BENJAMIN"
140,RAMESH CHOPRA
141,BALARAM
142,"SHARMA,B.C"
143,MAHABIR SINGH
144,ANIL AHALWAT
145,KRISHNA MURTHY H.R
146,CHANDRA SEKHARN
147,"GOON,A.M"
148,"GUPTA,M.K"
149,"DAS GUPTA,B"
150,"SONTAKKI,C.N"
151,"MAJUMDAR,RAMANUJ"
152,"AGARWAL,B.L"
153,"VARSHNEY,R.L"
154,"SHARMA,R.D"
155,"AGARWAL,O.P"
156,"PRASAD,G.S.K.V"
157,AMMANNA SASTRY
158,"SUBBA LAKSHMI,A.V"
159,"MEHTA,V.K"
160,"MEHTA,ROHIT"
161,"RAJESWARA RAO,P"
162,"PATTAR,VISWANANAD"
163,SRISRI
164,"UMA RAJESWARA RAO,NIDAMARTI"
165,"GOPI,S"
166,"GANGULEE,H.C"
167,"REDDY,S.M"
168,"PANDEY,O.P"
169,"SARMA,P.S"
170,NANDINI SHETTY
171,"MEENAKSHI,MUNSHI"
172,TALLA PRAGADA SATYANARAYANA MURTHY
173,D.N.SASTRY
174,BUDARAJU RADHA KRISHNA 
175,P.RAJESWARI
176,JANAMADDI HANUMACHASSTRI
177,KROVEDE LINGARAJU
178,"JONES, MARY"
179,"JONES,GEOFF"
180,"GREENWOOD,DAVID"
181,"HARWOOD,RICHARD"
182,"HARTL,DANIEL.L"
183,"ANJANEYULU,A"
184,VISWA PRASAD
185,"VENKATA RANGACHARYULU,UTPALA"
186,"PEDDANA,ALLASANI"
187,"RAMESH BABU,LAKKOGU"
188,"SARESWARA SARMA,C.V"
189,"RAM,T.S"
190,"ESWARAN,EKNATDH"
191,"RAO,T.S"
192,"SIVA KUMAR,AAKELLA"
193,"SAILABALA,KALLURI"
194,"NAGESH,V"
195,"GANGULY,ANAND"
196,"MANI,A"
197,"AGARWAL,H.C"
198,"KANETKAR,YASHWANT"
199,"GUPTA,P.K"
200,"RAO,C.V"
201,SRI JNANANDA SWAMY
202,SRI SWAMI VIDYASWARUPANANDAGIRI
203,SWAMI VIDYATMANANDA
204,"MAX MULLER,F"
205,"MAHESWARI,K.L"
206,"VAN HORNE,JAMES.C"
207,"WACHOWICZ, JOHN.M"
208,"HORNGREN,CHARLES.T"
209,"SUNDEM,GARY.L"
210,PRASANNA CHANDRA
211,"SUBBA RANGAIAH,K"
212,"PRASADA RAO,L.V"
213,"NARAYANA RAO,G.V.S"
214,"RAMAKOTESWARA RAO,A"
215,"SALAGRAM,M"
216,BRAHMAJI RAO.S
217,"DE ROBERTICS,E.D.P"
218,"DE ROBERTICS,E.M.F"
219,"GARDNER,ELDON JOHN"
220,"SIMMONS, MICHAEL.J"
221,"PETER SNUSTAS,D"
222,"APOSTOL,TOM.M"
223,"SINGH,B.D"
224,"KOHLI,S.L"
225,"RESUTRA,N.K"
226,"GAUR,V.P"
227,"NARANG,D.B"
228,"JOSHI,ROSY"
229,"VENKATESWARULU,B"
230,"RAMJEE,M"
231,"MEHROTRA,R.S"
232,"AGARWAL,ASHOK"
233,"SUBBARAYUDU,V"
234,"MAHAN,BRUCE.H"
235,"ATKINS,ROBERT"
236,"CAREY,FRANCIS.A"
237,"TRIVEDI,R.P"
238,"BARROW,GONDON.M"
239,"SALLE,A.J"
240,"HANS,H.S"
241,"PURI,S.P"
242,PETER SYKES
243,"CONN,ERIC.E"
244,"BRONSON,RICHARD"
245,"MENDHAM,J"
246,"STAINER,ROGER.Y"
247,"MORRISON,ROBERT.T"
248,"BOYD,ROBERT.N"
249,"PECHENIK,JAN.A"
250,"ENGER,ELDON.D"
251,"ROSS,F.C"
252,"MILLER,STEPHEN.A"
253,"HARLEY,JOHN.B"
254,"KARDONG,KENNETH.V"
255,AJOY GHATAK
256,"SALWAI,DILIP.M"
257,"SHARMA,J.N"
258,"VASISTHA,A.R"
259,"JAMSA, KRIS"
260,"SPEIGEL,MURRAY.R"
261,"LIU,YU-CHENG"
262,"GIBSON,GLENN.A"
263,"SRIVASTAVA,L.N"
264,"SEDHA,R.S"
265,"JAIN,V.K"
266,"WREN,P.C"
267,"MARTIN,H"
268,"BASANDRA,SURESH.K"
269,"SARIN,N.N"
270,"SARIN,R.N"
271,"SESHAVATHATRAM,V.V"
272,"AGGARWAL,R.S"
273,BALAGURUSAMY.E
274,VIKAS GUPTA
275,DATE.C.J
276,"SOCHA ,JOHN"
277,ELLIS HOROWITZ
278,SARTAJ SAHNI
279,"SCHILDT,HERBERT."
280,"AHO,ALFRED V."
281,"ULLMAN,JEFFREY D."
282,"SCHWEBER,WILLIAM L."
283,"TREMBLEY,J.P"
284,"MANOHAR,R"
285,"HALL,DEVRA"
286,"HARRINGTON,STEVEN"
287,"HOPCROFT,JOHN.E"
288,"GRANILLO,ROBERT"
289,"KAMDAR,NEEMA"
290,"SHARMA,S.C"
291,"CRAWFOD,SHARON"
292,"SALKIND,NEIL.J"
293,"SRIVASTAVA,S.K"
294,"DYSON,PETER"
295,"SAHOO,REETA"
296,"VENU GOPAL,K.R."
297,"PRASAD,SUDEEP.R"
298,"SRIVASTAVA,CHETAN"
299,"KELLY,A.L"
300,"POHL,IRA"
301,"LEVINE,JOHN"
302,"MANSFIELD,RON"
303,SANJAY SAXENA
304,"IVANS,KATHY"
305,"GARDINER,KENTON"
306,"COPESTAKE,STEPHEN"
307,"SINHA,P.K"
308,"DEWIRE,DAWNATREWIS"
309,"SMITH,PATRICK.N"
310,"SINNOT,EDMUNT.W"
311,"SAXENA,H.C"
312,"BAJPAI,D.N."
313,"GIRI,S."
314,"DUBEY,R.C."
315,"MAHESWARI,D.K."
316,"LOOMIS,MARY,E.S."
317,"FOLK,MICHAEL J"
318,"ZOELLICK,BILL"
319,"RICCARDI,GREG"
320,"MULLER,SCOTT"
321,"MAZDA,FRAIDOON"
322,"GROB,BERNARD "
323,"PRESSCOT,LASSING M."
324,"HARLEY,JOHN P"
325,"OSBORNE,BARBARA  A."
326,"KINDT,THOMAS,J"
327,"KLEIN,DONALD A."
328,"GOLDSBY,RICHARD A."
329,"BLACKBURN,G.M."
330,"GAIT,M.J."
331,"VOET,DONALD"
332,"VOET,JUDITH G"
333,PRALT CHARLOTTE W
334,"GOPINATH,A"
335,"LAXMA REDDY,P"
336,KRISHNA REDDY K.V.
337,"RATNA KUMARI,D."
338,"ADAMS,M.R."
339,"MOSS,M.O."
340,"SINGH,B.D."
341,"LODISH,HARVEY"
342,"DEVLIN,THOMAS.M"
343,"OLD,R.W"
344,"PRIMROSE,S.B"
345,"NELSON,DAVID.L"
346,"COX, MICHAEL.M"
347,"BAHL,B.S"
348,"BAHL,ARUN"
349,"SANYAL,S.N"
350,"SINGH,SURJEET"
351,"ZAMEERUDDIN,QAZI"
352,"SINHA,UMESH"
353,BRIJLAL
354,"SUBRAMANYAM,N"
355,"MARWAHA,S.S."
356,"ARORA,J.K."
357,ASHOK PANDEY
358,"STANBURY,PETER A"
359,"KUMARESAN,V."
360,POWER
361,"DAGINA WALA,H.F."
362,"BLUNDEN,EDMUND"
363,BALASUBRAMANIAL
364,"BALASUBRAMANIAN,T"
365,"ROY,M.K"
366,"LAWRENCE,D.H."
367,"RADHA KRISHNA,S."
368,"LAXMI NARAYANA,S."
369,"CHAUDHRI,AMIT"
370,"ARULANAUDAM,M.A."
371,"RAMAN,K.S."
372,"SAMPSON,GEORGE"
373,"NARAYAN,R.K."
374,"ABRAMS,M.H.A."
375,"SHARMA,P.D"
376,"KESHAV NARAYANA,T"
377,"BELL,DAVID.A"
378,"MALVINO,ALBERT PAUL"
379,"MALIONO,ALBERT PAUL"
380,DASTIDAR
381,PRABHAKAR
383,MANOHAR
384,RAMA & KRISHNA
385,"HOROWITZ,ELLIS"
386,ramana
387,"SUBRAHMANYAM,N"
388,SUBRAMANYAM.N
389,SUBRAHA MANYAM .N
390,"TANDON,B.L"
391,"GOEL,B.S"
392,"BARTEE,THOMAS.C"
393,NARSING DEO
395,"MEYER,RITCHIE"
398,"KUTTI,N.S"
399,"PANDHYE,P.Y"
400,"TANENBAUM ,M"
401,HOROWITZ
402,"SWAN,MICHEL.G"
403,"SCHILDT ,HERBERT "
404,"GAONKAR,RAMESH.S"
405,"STREEETMAN,BEN.G"
406,"MORRIS MANO,M"
407,"HALMCHER,KARL.V"
408,"SAHANI,SARTAJ"
409,"JAIN,M.K"
410,"IYENGAR,S.R.K"
411,"JAIN,R.K"
412,"HALL,DOUGLAS.V"
413,"PRASAD,N.K"
414,"PRASAD,A.K"
415,"KALE,V.V"
416,"BHASINE,D.P"
417,"RAJARAMAN,V"
418,"LONG,MOBAD"
419,"GOREWITCH,N"
420,hjfdi
421,"BAYROSS,IVAN"
422,"GHATHAK,AJOY"
423,"LOKANATHAN,S"
424,"GARG,K.C"
425,MANAGEMENT
426,"GOTTFRIED,BYRON.S"
427,"LIPSCHUTZ,SEYMOUR"
428,MALVINO
429,"TRAIN,WILL"
430,"PERRY,G"
431,BISWAS
432,ALEXANDER
433,"JONES,LINOO"
434,"HERBERT,J.A."
435,"GUPTA,R.L."
436,PRADEEPKUMAR
437,"MALHOTRA,T.D"
438,VARINDERKUMAR
439,"KOLMAN, RICHARD"
440,BUSBY
441,"LANGSAM,Y"
442,"TANENBAUM,AARON.M"
443,"AGGARAWAL,S.L"
444,"BHARWAJ,S.L"
445,"MAHESWARI,S.N"
446,"PAUL,R.R"
447,"AUGENSTEIN,MOSHE.J"
448,"BALAMOHAN DAS,V"
449,"SATYADEVI,C"
450,"PATRI,DIGANBAR"
451,"ROBERT,SCFOT"
452,"LONEY,K."
453,MARY E.S. LOUIS
454,"WHIPPNY,N."
455,LAFORE ROBERT
456,"MALPANI,MADANLAL"
457,LEAN ALEXIS
458,"RICH,DENNIS"
459,DASTIDAR GHOSH D
460,"ERICK,JOHN"
461,"AWAD,ELIAS M."
462,SENN JAMES A
463,"RICH,ELAINE"
464,"KNIGHT,KEVIN"
465,RAJIV DHARSKAR
466,GOPALAREDDY M
467,GOPAL REDDY M
468,"VATSSA,B.S"
469,SIJWATI B.S
470,INDU SIJWALI
471,"BANSAL,RAJ.K"
472,BADRI RAM
473,MITTAL DHARMENDRA
474,ABHAYKUMAR SINGH
475,GUPTA S.G
476,"MITTAL,ALOK"
477,"MITTAL,JYOTHI"
478,JOGDAND S.N
479,"PHILLIPKIS,A.S"
480,"KRISHNA MURTHY,V"
481,SUNDARA RAJAN S
482,"WILLIAM, TIMOOTHY"
483,"SRIVASTAVA,A.K"
484,"SHUKLA,M.C"
485,"GREWAL,T.S"
486,"DASSAC,Jr"
487,"CHOPRA,P.N"
488,"AGARWAL,AVINASH"
489,"BANSAL,P.K"
490,"FOROUZAN,BEHROUS.A"
491,AGARWAL&AGARWAL
492,"OKE,MADHAV"
493,"GROWER,P.S"
494,REDDY M.N
495,"REDCHIFFE,ROBERT.A"
496,"FREEMAN,ALAN"
497,"SCHNEIDER,MICHAEL.G"
498,"MC BRIDE,P.K"
499,"PERLMAN,DAVID.M"
500,"WEINGART,STEVEN.W"
501,JAGADAMBA SINGH
502,YADAV LDS
503,"LEVENTHALL,LANCE.A"
504,MARTIN GRUBER
505,ANANDVARDHAN S
506,"DURCAN,RAY"
507,"FREEMAN,ROBERT G"
508,"BLOMBERG,MARK D"
509,SWAMINATHAN R
510,"PETROUTROS,EVANGELELOS"
511,NAVVEN KUMAR M
512,"FIALA,REBECCA.J"
513,SIVA KUMAR M
514,"ALARENTHAL, LAUSE"
515,STILL RICHARD R
516,CUNDIFF EDWARD W
517,GOVONI NORMAN AP
518,VIJAY MUKHI
519,GOVANI NORMAN AP
520,"NEWMAN,WILLIAM.M"
521,"SPROULL,ROBERT.F"
522,"SILBERSCATZ,ABRAHAM"
523,"GALVIN,PETER BAER"
524,"GAGNE,GREG"
525,"KALAM,A.P.J"
526,LOVELOCK CHRISTOPHER
527,WIRTZ JOCHEN
528,"CARNEGE ,DALE"
529,"DEITEL,H.M"
530,KAPOOR ND
531,"TAHA,HAMDY.A"
532,DUTT RUDDAR
533,SUNDARAM KPM
534,"VINCENTPEALE,NORMAN"
535,ADHIKARY M
536,"DE BONO,EDWARD"
537,CHERUNILAM FRANCIS
538,RANGA
539,"PRATT,T.W"
540,"HITLER,ADOLF"
541,"WOODHULL,ALBERT.S"
542,"HEARN,DONALD"
543,BAKER
544,KHUSHWAN SINGH
545,RUSKIN BOND
546,LEE
547,LONGMAN
548,"MARGERT,M.M"
549,"KRISHNA MURTHY,E.V"
550,"DOERR, ALAN"
551,HILLER
552,"LILLY,SUSAN"
553,"DALE,NELL"
554,"PANT,J.C."
555,"GORDAN,GEFFERY"
556,"NARASING,DEO"
557,"RAVICHANDRAN,D."
558,"JOHMES,MICHAEL J"
559,TANANBAUM
560,"JALOTE,PANKAJ"
561,"STEFEN,CERI"
562,"DHAMDHERE,D.M"
563,"DHARSKAR,RAJIV"
564,"PATIL,R.B"
565,"ZAKRIWYES,HANEYS,I.T"
566,"THAKER,P.K"
567,"KOCHEN,S.C"
568,KUCHHAL M.C
569,"GOVINDA RAJULU,B"
570,"RADHAGANESHAN,P"
571,DESAI VASANTH
572,"SAXENA,R.G"
573,ROBBINS KAY A
574,"MALLIKARYUNA RAO,C"
575,ROBBINS STEVEN
576,"SILBASCHATZ,ABRAHAM"
577,"GALVIN,PETERBAER"
578,AGARWAL A.N
579,"GILLETT,BILLY .E"
580,SRIVASTAV SB
581,"SCHREIDER,MICHAEL.G"
582,"BRVELL,STEVEN .C"
583,SHARMA RK
584,GUPTA  SASHI K
585,JORDAN EL
586,VERMA PS
587,"PFLEEGER,LAWRENCE.S"
588,"LAL, SS"
589,"O'CONNOR, JD"
590,"KORTH,HENRY.F"
591,SATHE VIJAY
592,"PATEL, AH"
593,FRY RON
594,"VRANESIC, ZVONKO"
595,"BROWN,STEPHEN"
596,"LAKHOTIA, RN"
597,"DICKSON,ELIZABETH .A"
598,SCOTT BILL
599,"KUROSE,JAMES.F"
600,"ROSS,KEITH.W"
601,PROCHNOW HERBERT V
602,AZZOPARDI GILLES
603,"AGARWAL,J.P"
604,JOSHI JC
605,KHURANA RAJEEV
606,"ELROD,SUSAN"
607,"STANSFIELD,W.D"
608,RAO TS
609,FLETCHER CLIVE
610,"CARTER,NICHOLAS"
611,MISRA RAJIV K
612,"NEAMEN,DONALD A"
613,"AGARWAL, MRIDULA"
614,"THIEL,TERESA"
615,"ACZEL,AMIR.D"
616,"SRIVASTAVA,PUNEETH"
617,"ROYDEN,H.W"
618,"MALIK,S.C"
619,"KHANNA,M.L"
620,"SIMMONS,G.P"
621,"DULLA,V.B"
622,"CHATTOPADHAY,P.K"
623,"SAKURAI ,J.J"
624,"LAUD,B.B"
625,"BHATTACHARYA,P"
626,"UPADHYAY,A"
627,"UPADHYAY,K"
628,"SUNDARA RAJAN,S"
629,"BALAJI,R"
630,"BALI,N.B."
631,"LAVINSON,N.B."
632,"LODDINGTON,E."
633,SURJIT SING
634,"GOWARIKAR,V.R"
635,"NARAYANARAO,B.V"
636,"SAVITCH,WALTER"
637,"BILLMEYER,FRED W"
638,"RYDER,JOHN"
639,RAE LESILE
640,LESLIE RAE
641,"MILLMAN,JACOB"
642,"HALKIAS,CHRISTOS.C"
643,CARTHY MC MARGARET
644,"SHARMA,B.K"
645,"PILLAI, G.K"
646,ROBINSON DAVID
647,"THERAJA,B.L"
648,"THERAJA,A.K"
649,"HOEBEEK,A.M"
650,CAMERON JOE
651,"JAYARAM,C.K"
652,RAMAKRISHNA RAO K
653,"BRAHMAJI, D.V"
654,"KAMICHIK,STEPHEN"
655,"SRINIVASARAO, A"
656,"RAMAKRISHNA RAO, K"
657,"DUNCAN,TOM"
658,GUNASEKHRAN
659,"HAYES,WILLIAM"
660,"RAMJEE, M"
661,"JAIN, MADHULIKA"
662,"STRICKBERGER,W"
663,SOMASEKHARA RAO KAZA
664,"DHAVEJI, K"
665,"MATHALLI, M"
666,"ROY, SATYESH CHANDHAROY"
667,"CASIDA,L.E"
668,"HARIBABU, C"
669,"LAKSHMINARAYANA, M"
670,"FREFIELDER,DAVID"
671,"KRIG,K"
672,"VERMA, P.S"
673,"RAMESH,A.S"
674,"GHOSK, RAMAKRISHNA"
675,"SAHA, SURANJAN"
676,"LAL, S.S"
677,"SARKAR,R"
678,"SAHA,N"
679,"GHOSH,SACHIN KUMAR"
680,"CHAKRABORTY,P"
681,"KIRAN KUMAR, K"
682,"HANUMANTHA RAO,K"
683,"CHOUDHURI,M.K"
684,"DAS,M.M"
685,WATSON D. JAMES
686,"SARIN, R.N"
687,"CHANDRA RAO,T.B"
688,"PARAMESWARA MURTHY,D"
689,"RAMA RAO,A.V.S.S"
690,"SUBRAMANYAM,D.B"
691,"DATTA,NILKANTA"
692,KESHAVA NARAYANA T
693,"CHATTERJEE,H"
694,"SENGUPTA,R"
695,LEHINGER
696,"KAPOOR,N.D"
697,"RANGA SWAMY,P"
698,"MUKIRI,SUJATHA"
699,"REDDY,T.V.D"
700,"TANDON, O.P"
701,"SINGH, A.S."
702,RADHA KRISHNA SARMA
703,"VENKATESWARA RAO, V"
704,"KRISHNA MURTHY, N"
705,"SARMA, B.V.V.S"
706,"ANJANEYA SASTRY, S"
707,"PANIKER,AYYAPPA"
708,"MALLIKHARJUNA SARMA, A"
709,"LEWIN, BENJAMIN"
710,"SITA RAMACHARUYULU,B"
711,"KATYAL, MOHAN"
712,GUPTA S.L.
713,GUPTA SANJEEV
714,VIJAYA KIRAN
715,PANDEY D.C
716,"VARLEY,RICHARD"
717,"HORNBY,A.S"
718,"LAKSHMI KANTHAM,P"
719,JASHUWA
720,"GUPTA, R.K"
721,"AMIT, R.K"
722,"GOYAL, S.K"
723,"PREM RAJA, H"
724,SRI SRI
725,"GUPTA, C.B."
726,"KHANKA, S.S"
727,"SHARMA,Y.S"
728,RAMARAO
729,CASTELLAN N. GILBERT
730,MONOPALLY
731,"BHASKARAN,M.P"
732,"HORSBURGH,D"
733,"AGGARWAL,O.P."
734,GURUDEEP RAJ
735,"AGARWAL,S.K"
736,SHELDON
737,KEEMTILAL
738,ERIKSTROM
739,"POWAR,C.B"
740,"CHATWAL,G.R"
741,VENTANA
742,"YESU BABU,M."
743,DROMEY
744,"BECKER,WAYNE.M"
745,"DEAMER,DAVID W"
746,SRIVASTSVA
747,"ALEBERT,BRUCE"
748,PRESSMAN
749,CURTIN DENNIS
750,"ELLIOTT,WILLIAM H"
751,"ELLIOTT,DAPHNE C"
752,"WEAVER,ROBERT"
753,BHARGAVA
754,XAVIER
755,"FREIFELDER,DAVID"
756,"HORTON,ROBERT H"
757,"MOTTERSHED,ALAN"
758,"DASHEK,WILLIAM V"
759,"COOPES,GEOFFREY M"
760,"TORTORA,GERARD J"
761,"FUNKE,BERDELL R"
762,"CASE,CHRISTINE L"
763,"ATKINS,PETER"
764,"PAUL,JULIO DE"
765,CHAKRAVARTHY
766,"ALTERS, SANDRA"
767,"GUYTON,ARTHUN C "
768,"HALL,JOHN E"
769,"AGARWAL, M.M"
770,"AGARWAL, R.K"
771,"ROHATGI,KK"
772,"GOTHMAN,WILLIAM.H"
773,MUKHERJEE
774,"GUPTA, B.D"
775,"MARCH,JERRY"
776,"STRACHAN,TOM"
777,"READ,ANDREW P"
778,"VARSHNEY, R.L."
779,"MAHESWARI, K.L"
780,"CHRISTRIAN,GARY D"
781,JORDAN
782,"KALSI,P.S"
783,"JAISWAL, S"
784,"CHANDA,MANAS"
785,"GUPTA , K.SASHI"
786,"JOSHI, ROSY"
787,BRAIN BOLT
788,"HOBBS, DAVID"
789,"SVEHLA,G"
790,"RANGA SWAMI,G"
791,"BAGYARAJ,D.J"
792,"BAPI RAJU,M"
793,"PRAKASHAM,V"
794,"ATTWOOD,TERESA K"
795,"SMITH,DAVID JPANY"
796,"SARIN,C"
797,"BALAKRISHNA,B.N"
798,"BANWEEL,COLIN N"
799,"MC CASH, ELAINE M"
800,"VENKATAKAVULU,T"
801,"CAPPUCCINO,JAMES.G"
802,"SHERMAN,NATALIE"
803,"ANANTHANARAYANA,P"
804,"ANURADHA, M"
805,"RAMAIAH SARMA,K"
806,"SURESH BABU, K"
807,"GUPTA,S.C"
808,"KAPOOR,V.K"
809,"PARAMESWARA MURTHY,P"
810,BAPU
811,"BALAKRISHNA, VV."
812,GASHUVA.G
813,"SADASIVARAO,V.N"
814,"VAUGHAN,TAY"
815,"RAMMOHAN , SADUM"
816,GARRET
817,GRISHAM
818,"REDDY, G.S."
819,"NARASIMHA REDDY, P."
820,"METZLER,DAVID .E"
821,"CAMPBELL,MARY.K"
822,NARESH MUDIGONDA
823,"KARCHER,SUSAN. J"
824,VIDYALATHA VALLIVEDU
825,PINGALI SURANA KATHARAJU
826,"PRICE,NICHOLAS .C"
827,"STEVENS,LEWIS"
828,MOLLA ATUKURI
829,"AHUJA,D.N"
830,RAMARAJA BHUSANUNI
831,"LURTON,R"
832,"PALLISTEN,C.J"
833,PEDDANA ALLASANI
834,"ARCHANA MISHRA,DR"
835,SUBRHMANYAM BHAGAVATULA
836,"AGARWAL,AMIT"
837,SUBRAHMANYAM BHAGAVATULA
838,SATYA PRAKASH
839,LAKSHMI NARASIMHAM CHILAKAMARTHI
840,"JINDAL,RAJINI"
841,"LADYARD,P.M"
842,"WHELAM,A"
843,"VENUGOPAL, B"
844,AARUDRA
845,"GULICK,BERMARD.R"
846,"GLICK,BERMARD .R"
847,KOTESWARA RAO TUMMAPATI
848,"JAIN,R.P"
849,"BROWN,JERALD.A"
850,"VENU GOPAL,K.R"
851,"RMACHANDRA, N"
852,"RAMACHANDRA, N"
853,"SAVITEH, WALTER"
854,"VIMALA,H.S"
855,"HORNBT,A.S"
856,NARAYANA REDDY C
857,"PAPPAS,CHIS .H"
858,"MURRAY,WILLIAM .H"
859,VEERANDHRANATH YANDAMURI
860,"MADHAVI,M"
861,"VEDAVATHI, C"
862,"COOPER,MULLESH"
863,RADHAKRISHNA MURTHY KANTAMANENI
864,"GOWRINATH,A"
865,LAKSHMNAREDDY
866,"MURTHY, M.R.K"
867,"RAJPUT,R.K"
868,"SASTRY, D.N"
869,"TAXALI,R.K"
870,"SHARMA,J.L"
871,"PRASHAR,R.K"
872,"RAGHAVENDRA, AKELLA"
873,"LATHA, T.S.V.M."
874,RAMAMOHANARAI KADIYALA
875,"NAGAIAH,G"
876,"HILL,S."
877,"KRISHNAN,A"
878,"GOPALA REDDY, MUDUGANTI"
879,"SUJATHA REDDY, MUDUGANTI"
880,"KELLY,STAND"
881,VIDYA PRAKASANANDA SWAMULAVARU
882,VIDYA PRAKASANANDAGIRI SWAMULAVARU
883,"RAVI,SETHI"
884,"DEB,A.C"
885,ASHOK RAJ
886,"GAYAKWARD,RAMAKANTH A"
887,"BHATRA,H.S"
888,"KRISHNA PRAKASH,MEERUT"
889,VEERA BALA RASTOGI
890,"VASHISTHA,A.R"
891,RASTOGI
892,"MALIK,WAHID.S"
893,DAS SUNITHA
894,"ATHERLY,ALAN.G"
895,PRATA STEPHEN
896,O LEVEL MODULE 
897,"RAM RAJ, S.K"
898,HEARN HEARLEY
899,STERN
900,RICHARD 
901,LIPSCHUTZ SEYMOUR
902,"JACOBS,A"
903,"PLUMMER,DAVID.T"
904,"MUKHERJI,S.M"
905,LEVIN JOHN
906,"SINGH,S.P"
907,"GUPTA,S.P"
908,"MALHOTRA,M.H."
909,KRISHNA MOHAN
910,MEENAKSHI RAMAN
911,"HANDA,M"
912,"AUSTEN,JANE"
913,"IGNACIMUTHU,S"
914,"CAURR,THEUS.A"
915,"BHAMRAH,H.S"
916,"CHATURVEDHI,C.M"
917,"TAUB,HERBERT"
918,"TAYAL,A.K"
919,"SCHILLING,DONALD"
920,"MITTHAL,G.K."
921,RAVI MITTAL
922,"JUNEJA, KAVITHA"
923,"PRASADA RAO,M.H"
924,"MAHAJAN,A.S."
925,"RANGURAL,A.A."
926,"KALPAN,T"
927,"YOUNT, LISA"
928,"CHASIS,CARLO"
929,"BALASUBRAMANIAN,D"
930,"FREEMAN ,JAMES.A"
931,"WEST,E.S"
932,"TODD,W.R"
933,"SADASIVAM,N"
934,"KAPOOR,K.L"
935,"MANI,A.K"
936,"BOSE, RANJAN"
937,"STRICK,MONORE .W"
938,BERGER
939,"LIAO,SAMUEL Y."
940,"TOOT,MICHAEL"
941,SUDARSHAN.S
942,"DROBLAS,A"
943,"RAMAKANT,A"
944,GAYKWAD
945,"MUDOCK,KELLY L"
946,"GHOSH,P.K."
947,"SRIDHAR,P.R."
948,"UNDERDAHL,BRAIN"
949,"RAMANIELLO,S"
950,"BELL,JOHN.A"
951,SCHILDT HERBERT
952,CARMINICK MC JOHN
953,"BHARGAVA,N.N"
954,"WINNACKER,ERNST.L"
955,LOCKMAN DAVID
956,"PRATA,STEPHEN"
957,"MEYYAN,R.P"
958,KANITKAR YASHWANTH
959,"HUHEEY,JAMES"
960,"NARAYANA,L.M"
961,"DROMEY, R.G"
962,"RAO,A.S"
963,"LIPSCHUTZ,SEYMOUN"
964,"ATLAS, RONALD"
965,"KRENIES, C DAVID"
966,"HWANG,KAI"
967,"GALVIN, P.B"
968,"BRIGGS,FAYE.A"
969,"NADHANI,A,K"
970,"WINTER,P.C"
971,"TANENBAUM,ANDREW.S"
972,"HICKEY,G.I"
973,"KUMAR,H.D"
974,"BARK, ROBIN"
975,"HERITAGE,J"
976,"MSHCHERM, ROBERT"
977,"MALACINSKI,GEROGE.M"
978,"SINGH,R.P"
979,"STRAYER,LUBERT"
980,MSCHERMS ROBERT
981,"JHA,A.P"
982,"MALE,DAVID"
983,HIPSLEY PAUL
984,"WALKER,J.ED"
985,"GRIFFITHS,ANTHONY,J.F"
986,"STEVENS, A.L"
987,"MURRAY,ROBERT.K"
988,"BOYER,RODNEY"
989,STRABE MATHEWS
990,HRARN
991,HEARN
992,"RIOTT,IVON.M"
993,"DELVES,PETER.J"
994,"KRISHNAN, MADHULATHA"
995,DAVIS D.BRANT
996,"VICKERY,CHIRSTOPHER"
997,THOMAS REBECCA
998,"HUSSIAN,V"
999,"SALWI,DILIP M"
1000,"SIVA RAMA SASTRY,K"
1001,"HENRIKAN,MELLISSA"
1002,"KOTHARI,AJAYKUMAR"
1003,ROBIN
1004,SORENSON 
1005,JEAN PAUL
1006,"TAVISH, DOUGLAS MC"
1007,SUMITHABA DAS
1008,ANANTPAI
1009,TARUNSHREE
1010,"TREHAN,KESHAV"
1011,"PELZAR,MICHAEL.J"
1012,"NICKLIN,J.C"
1013,"HAMES,B.D"
1014,"HOOPER,N.M"
1015,"SWAMINATHAN,M"
1016,"HOLME,DAVID.J"
1017,"PECK,HAZEL"
1018,ARMUGHAM
1019,"DAVES,IAN.W"
1020,"SUTHERLAND,IAN.W"
1021,"TAYLOR,DAVE"
1022,ELIVENATH
1023,"SHUSAN,ERIC.E"
1024,"RAJ KUMAR,BUYYA"
1025,"RAVISHANKAR,T"
1026,"STEVENS,RICHARD.W"
1027,"KOCHAN,STEPHEN.G"
1028,"McCOY,JOHN"
1029,"MULLER,JOHN PAUL"
1030,"THRIVIA RAJ,S"
1031,"KALPAN,ROBERT.S"
1032,"ATKINSON,ANTHONY.A"
1033,"AVADHANI,T.V"
1034,"TAYLOR,GRANT"
1035,BRUHASPATHI
1036,BURY BLOOMS
1037,"RAMESH,G"
1038,"RAMANA, MEENAKHI"
1039,"VARMA, KIRAN"
1040,"PAUL,KEVIN"
1041,"BASU, SIDDHARTHA"
1042,RAJIV GANDHI
1043,RESNICK
1044,HALLIDAY
1045,KOLMAN BERNARD
1046,HOLSHER STERN
1047,"PANDEY,B.N"
1048,KOPARKAR PRAMOD
1049,"SUNE, L.VANBED"
1050,MONCER MICHAEL
1051,"FINAR,I.L"
1052,"TELTAL, E.D"
1053,SONIA GANDHI
1054,"SUNDAR,R.S"
1055,"ASHVATH NARAYANA,T.G"
1056,PRATTS STEVE
1057,NORTAN PETER
1058,MADHULATA KRISHNAN
1059,"CARNHEAD, V. DOUGLAS"
1060,WAITE MICHELL
1061,UPADHAYAY
1062,"RAMESH,B,G"
1063,HUNTER JHONSON
1064,"SRINIVASAN,P"
1065,"KUER, S.JOSEPH"
1066,"SCHACH, R.STEPHEN"
1067,"PATTERSON, DAN.W"
1068,"KURMI,R.S"
1069,"SHIVA PRASAD,A"
1070,KRISHNA SANKAR
1071,"SEARS,FRANCIS.W"
1072,"FLANGNAM,DAVID"
1073,"KHATAI,  SYEDWASEEM "
1074,"AHMED, SOHAIL.M"
1075,"SHETTY,LALITHA,A"
1076,"BREY,BARRY.B"
1077,SIMMON
1078,"KHATAI,S.W"
1079,"NELKON,MICHAEL"
1080,"JERKE, NOEL"
1081,WILSON
1082,WALKER
1083,"VANHELSURE,LAURENCE"
1084,SHESPPAKAVI
1085,WHITING BILL
1086,"VEERAJU,VADDADI"
1087,"ESTRABOOK, NOEL"
1088,"HERSTEIN,I.N"
1089,POOMLENG JAMES
1090,JAWOSKI JAMES
1091,GOODMAN DANNY
1092,"BHASKAR,K"
1093,LEATHER STEPHEN
1094,"RADCLIFFE,ROBERT.A"
1095,"DARNELL, RICHARD"
1096,"RASHID,MUHAMMAD.H"
1097,"BHISMA RAO,G.S"
1098,DANESH AARON
1099,"HUELSMAN,LAWRENCE.P"
1100,"RAJAN,J.B"
1101,"COCHEN,W.G"
1102,SCABBIAR SIMMON
1103,"GOHFRIED,BYON.S"
1104,"RAGHAVAIAH,A.V.V"
1105,HERMSMAN ERIC
1106,RINHOOT MARTIN
1107,"RAO,Y.V.C"
1108,NARAYANA
1109,SARALA
1110,"SWAMY,YAKKLA"
1111,ANWAR KAMAL
1112,"GUNDERLOY,MIKE"
1113,"JORDAN,JOSEPH.L"
1114,"PUSHPA LATHA, N"
1115,"MURUGESHAN,R"
1116,SADA SIVA MURTHY
1117,BHASKARAN
1118,HOUSBOURGH
1119,"BALA KRISHNA PRASAD,P"
1120,"HANUMANTHA RAO, V"
1121,FREED MAN
1122,"RAMANA,P.V"
1123,ASHA NANDA
1124,"WILSON,ROBIN.J"
1125,"PRASAD,P.B.K."
1126,"PRASAD,N."
1127,"COX,NELSON"
1128,SANCHETHE
1129,"NARASIMHA RAO,C.V.L."
1130,"RAM MOHAN RAO,A."
1131,"PRASADA RAO,Y.V.S"
1132,RAZADAN
1133,"GUPTA, S.P"
1134,KOONTZ HERNOLD
1135,GARDNER
1136,"RAM,B"
1137,"MONAPALLI, M"
1138,"GREWAL, B.S"
1139,"SARMA, A.M."
1140,"SATYANARAYANA, B"
1141,"FEYNMAN,RICHARD"
1142,"BESIER,ARTHUER"
1143,KUTUMBA RAO
1144,"AGARWAL,R.S"
1145,YANDAMURI  VEERANDRANATH
1146,"SRINIVASA KRISHNA,D"
1147,"VINCENT PEALE, NORMAN"
1148,"LAW,JONATHAN"
1149,SIDDHARTHA BASU
1150,"STUART,CRISTINA"
1151,"KUMAR,AMITAVA"
1152,DONVAN JOHN
1153,JAWAHARLAL NEHRU
1154,"ANEJHA, K.R."
1155,"DANSEL,MICHAEL"
1156,"PADMAVATHI,S.K"
1157,"SWAN,MICHAEL"
1158,"SANKAR,V."
1159,"RANKIN,JACQELINE.A"
1160,"RAMA RAO, R.S."
1161,ARUNDHATI ROY
1162,"SWAMY,YAKKALA"
1163,"RAO, C.V.L.N"
1164,"CHAUDHURI,ARINDAM"
1165,SHIVA KHERA
1166,"VENKATESWARA RAO, R"
1167,LINDA
1168,"UMA SANKAR,TIWARI"
1169,"FLAWELL,ROGER"
1170,"AMARAM,A"
1171,"RAMA RAO, K.V."
1172,"HUMPHIRES,CHRISTIAH"
1173,"ROWLING,J.K"
1174,"KRISHNA MURTHY,L.S.R"
1175,"SADA SIVA MURTHY,R"
1176,"KHURANA,AJIT"
1177,"SATYANARAYANA MURTHY,P."
1178,"ROLLAND,ROMAIN"
1179,"SRINIVASA RAO, S"
1180,"NAUGHTON,PATRICK"
1181,RABINDRANATH TAGORE
1182,"SARMA, J.J"
1183,"CHALAPATHI RAO,R"
1184,"SENTHIL KUMAR, B"
1185,JHON ALFRED
1186,"KONDAIAH,K"
1187,FREEMAN
1188,"GREEN,DAVID"
1189,FEINBARN
1190,"ALLEN,STANNARD,M."
1191,"SASTRY,SVCH."
1192,"DTURTIN,NIGELD"
1193,"SASTRY,MOOLAIAH S."
1194,"SRI RAMA MURTHY,V."
1195,"PEARSELL,JUDY"
1196,"NARAYANA SWAMY,K.R."
1197,"SAXENA,R.K."
1198,"CRIMSON,A.C."
1199,"ANDREWS,C.F"
1200,"SUBRAHMANIAM,J.V"
1201,"PRAKASHAN,MEERUT.A.S"
1202,"MAISON,MARGART.M"
1203,"RAMA MOHAN RAO,A"
1204,"YOUNGSON,ROBERT M"
1205,"LEWIS,NORMAN"
1206,"SARADA,PRASADITA"
1207,"ZKIEWYEZ,IVON  HAWRYS"
1208,"SANGHAVI,HITESH"
1209,HARI MOHAN PRASAD
1210,UMA RANI SUDHA
1211,"QUINN,MICHAEL J"
1212,"GODBOLE,ACHYUT S"
1213,"LEON,ALEXIS"
1214,"LEON,MATHEWS"
1215,"SOMAYAJULU,P.V.R"
1216,"GUPTA,SASI"
1217,"JACOBSON,IVAN"
1218,GRADY BOOCH
1219,"RAMBUGH,JAMES"
1220,"VALSKY,TOM"
1221,ALLEN TUCKER
1222,ROBERT NORMAN
1223,BRETT
1224,"MONSON,RICHARD"
1225,RICKI LEWIS
1226,"PRASAD, K.V.R.K."
1227,"ANDERSON,RICHARD"
1228,"BUCZEK,GREG"
1229,LEWIS RICKI
1230,"SHIVRAM,APTE"
1231,ZUBAY
1232,"ZUBY, G"
1233,"PHREY,BOUM.FRANK"
1234,"GANETT,REGINALD  H"
1235,"GRISHAM,CHARLES  M"
1236,"MATHEWS, C.K."
1237,"MADHAVAN,V.P."
1238,"ULLMAN,KRISH"
1239,"ANHART,CHARLES"
1240,"UMAMAHESWARA RAO, K."
1241,"MAGDOFF,HARRY"
1242,DURGA DAS
1243,"SATYANARAYANA,V"
1244,"NARREDDY, C"
1245,"BERG,JEREMY M"
1246,"ATKINSON, P.G"
1247,"CHATURVEDI,ATULINDRANATH"
1248,"LEWIS,HEDWIG"
1249,"COOPER,GEOFFREY M"
1250,"CAGLE, K"
1251,"PRASAD, G"
1252,"JONES,LEN"
1253,ADITYA DEGREE COLLEGE
1254,AESLON
1255,LAKSHMI AHUJA
1256,RAM NARESH SINGH
1257,SANDHYA MITRA
1258,KIRAN BEDI
1259,"MC CARTTY,MARGARET"
1260,"JANARDHANA SHARMA,JANABATLA"
1261,SHARON
1262,"UMA,P"
1263,STEELE HEIDI
1264,"RAMAKRISHNA RAO,V"
1265,WEMPEN FAITHE
1266,BALAGANGADHAR
1267,WINTERSPOON GOLETTA
1268,"DRUCKER,PETER F"
1269,"MURTHY,B.G.K"
1270,"BAUCK, BILL"
1271,"ARORA,V.P"
1272,"TREMPHEN, FAITH"
1273,"VENAKATESWARULU,V"
1274,"VARMA,M,M"
1275,"FREEZE, WYNES"
1276,"VENKATESWARULU,V"
1277,"TAXALI, R"
1278,"DEINNIES, S"
1279,"GUPTA,ASHOK.K"
1280,OBUL REDDY
1281,IYEARS MARNI
1282,REIDS MARIA
1283,"BECKETT,A.H"
1284,"STENLAKE,J.B"
1285,DIANAREIN
1286,"MOTE,V.L"
1287,"NAGESH,B"
1288,SAMUEL PAUL
1289,"GUPTA,G.S"
1290,SADASIVA SASTRY
1291,"MOHAN BABU,V"
1292,"AGARWAL, R.S"
1293,"KASAIAH,V"
1294,"DHILLON,R.S"
1295,"GUPTA, R"
1296,"GUPTA, G.P"
1297,"KOERRS, DIANNE"
1298,"SARMA,R.K"
1299,"RAMAKRISHNA SASTRY,V"
1300,KRISHNA SASTRY
1301,"BAPIRAJU, M"
1302,PADMA.T
1303,"THARAKAN,K.M"
1304,"THORAT,A.R"
1305,"VALKE,B.S"
1306,"GOKHALE,S.B"
1307,"MEHTA,SHALU"
1308,"MISRA,G.S"
1309,"SHARMA,R.C"
1310,"SANCHETI,D.C"
1311,"HOFFER,JEFFREY .A"
1312,"RAMA RAO,P"
1313,OLIVER 
1314,BOYD
1315,"MANOHARAN,T.N"
1316,URMILA RAI
1317,"RAI,S.M"
1318,"GOANKAR, RAMESH.S"
1319,GURAJADA
1320,"SINGHANIA,VINOD .K"
1321,"SINGHANIA,KAPIL"
1322,VIRINDER KUMAR
1323,"PURNA,RAO"
1324,"HOTZNER, STEVEN"
1325,"PANDEY,I.M"
1326,"PURNA RAO,S"
1327,"SAXENA, R.C"
1328,VENKATAPATHI REDDY
1329,"HANUMA SASTRY,J"
1330,HOMAI PRADHAN
1331,"BHENDE,B.S"
1332,VIJAYA THAKUR
1333,"SUDHARSHAN,R"
1334,"SARMA,S.L.N"
1335,"NORDHAUS,WILLIAM.D"
1336,PREMKUMAR
1337,"RANGA CHARUYULU,D"
1338,"RAMANTHAM, P.V"
1339,"MEHTA,P.L"
1340,"UPADHYAYA, J.C"
1341,"NARAYANA RAO,M"
1342,"SAXENA, S.K"
1343,"SIMMANNA,V"
1344,RANGANAYAKAMMA
1345,"MURTHY,G.P"
1346,"KRISHNA,P.V.M"
1347,"MISHRA, S.K."
1348,"MASTAN REDDY,C"
1349,"GOPALACHARI,R"
1350,"MURTHY, V.S.R."
1351,"SURENDRA, V"
1352,"GANDHI,M.K"
1353,"MITHANI, M"
1354,"WADHER, B.J."
1355,ROGER HUNT
1356,JOHN SHELLY
1357,"DESPHANDE,P.S"
1358,RAGHU RAMAKRISHNA
1359,"GEHRKE,JOHANNES"
1360,"ARUMUGAM,N"
1361,"LEACH,DONALD P"
1362,"KUMAR, N.C"
1363,"VENKATESWARULU,P"
1364,"BHUSHANUDU,R.R"
1365,HRISHIKESH
1366,"ARORA, P.MOHAN"
1367,"RADAHA KRISHNA,B"
1368,"RADHA KRISHNA,B"
1369,"RADHASWAMY,M"
1370,"MURTHY,P.S"
1371,"SRI RAMA CHANDRUDU,P"
1372,"SASTRY,K.V.R.K"
1373,"CHATWAL, GURUDEEP"
1374,"VARLEY,HAROLD"
1375,"RAJESWARA RAO,N.U"
1376,"RAMARAO,A.V.S.S"
1377,"SURYA LAKSHMI,A"
1378,"ESWARA RAO,S"
1379,"ELORD,SUSAN .L"
1380,"STANSFIELD,WILLIAM D"
1381,"MALLIKHARJUNA RAO,A"
1382,"THIMAIAH, S.K"
1383,"KUCHEL,PHILIP.W"
1384,"AHMED,TAFEEQ"
1385,"VENKATESWARA SASTRY,R"
1386,"PANNEENSELVAM,R"
1387,AHMMED SHAM
1388,"NARASIMHA RAO,S"
1389,"BHATTTACHARYA, P.K."
1390,"MOHAN,K"
1391,"THOMAS, ROBERT"
1392,TARA CHAND
1393,SIEGEL CHARLE
1394,"DARINALL,RICK"
1395,"NASAR, A.SYED"
1396,"WHITTEN,L.JEFFREY"
1397,"HANUMANTHA RAO,P"
1398,"SASTRY,R.S"
1399,"SURESH BABU,M"
1400,"KRISHNA MURTHY, T"
1401,"KANETKAR,Y.P"
1402,"SARMA,S.N"
1403,"MARITNSON,THOMSON.H"
1404,"MARTINSON,THOMSON.H"
1405,"WILLA,TR"
1406,"MUIR,EDWIN"
1407,"KANERVA,JONNI"
1408,"VENKATESWARARAO, V"
1409,"AGARWAL ,OP"
1410,"CORNELL,GARY"
1411,RON FRY
1412,TOMBAY
1413,"MACPHERSON,DAVID"
1414,"FREUD,SIGMUND"
1415,"BALA KRISHNA,B.N"
1416,"BALMIRES,HARRY"
1417,"RAMA CHANDRA RAO,P"
1418,"PATTABHIRAM,B.V"
1419,"MOOLAIH SASTRY,S"
1420,"CANNING,JOHN"
1421,"SUBBA RAJU,V.V.K"
1422,"MATHUR, P.ADITYA"
1423,KRISHNA SRI
1424,"SUBBA RAJU,V.K"
1425,"ESWAR,K"
1426,KAZMIES
1427,"NARAYANARAO,KALLURI"
1428,"RAVI,CHOPRA"
1429,"NARASAREDDY,C"
1430,"BURTON,F.RICHARD"
1431,"DOYLE,A.C"
1432,"HAYES, P.JOHN"
1433,"KAKKAR,B.N"
1434,"VASUDEVA, D..N"
1435,AGARWAL
1436,"SIMPSON, ALAN"
1437,SHINDE
1438,"HAWKER,G.T"
1439,"KENNEDDY, GEORGE"
1440,JENNIEFER
1441,"SPOONER,ALAN"
1442,JOHN ROY
1443,"HORMBY,A.S"
1444,"FADIMAN,CLIFTON"
1445,"NAUHEIM,FERD"
1446,KRISHANVIJ
1447,"SOMERSETMAUGHAM,W"
1448,"TYRA,M"
1449,"CHEN,MANPREET"
1450,"MANNISH,PURI"
1451,"CHEEMA,MANPREET"
1452,"BROWN,C.P"
1453,"PRABHAT,N.JAHA"
1454,"KEER,H.V."
1455,"KAPOOR,R.P."
1456,"PRASAD,R.K."
1457,"HUHEEY,JAMES E."
1458,"KEITER,ELLEN A."
1459,"KEITER,RICHARD L."
1460,"KAROLE, S"
1461,"GULATHI, S.L"
1462,"CASIDA,JR L.E."
1463,LAL
1464,"LEE,J.D."
1465,MUNEER MOHAD
1466,ANIL KUMAR DE
1467,"GUHA, ABHIJIT"
1468,"ARNIKAR,HARI JEEVAN"
1469,NILIMA SHIVADATTA RAJURKAR
1470,"CHASS, C.MARK"
1471,"BHATNAGAR, R.P"
1472,"PETRO,S.V.K.Y"
1473,"TOORPE,EDGER"
1474,"NASIPURI,D"
1475,"LIMAYE,BALAMOHAN .V"
1476,"ROYDEN,H.L"
1477,SAVITA ARORA
1478,"CHOUDHARY,B"
1479,"VASISTHA,A.K"
1480,"GANDHI,MEETA"
1481,"LIPEON,MARCLARS"
1482,"KRISHNA MURTHY, V"
1483,"KREYEZIG,ERWIN"
1484,"SHARP,D.W.A"
1485,"ARTIN,MICHAEL"
1486,MAHARAJA
1487,"ROSS,SHARON CUTLER"
1488,"DEBARRA,G"
1489,"DENESH,ARMAN"
1490,"AUGHENSTEISS,J"
1491,"AUGHEN STEISS,J"
1492,"MITCHELL,JOAN.S"
1493,"JOSHI,K.D"
1494,"RUDIN,WALTER"
1495,"BROWN,JAMES WARD"
1497,"CHURCHILL,RUEL.V"
1498,"RAO,P.V"
1499,SANKARA NARAYANA
1500,"JANARDHANA,SARMA"
1501,"KRISHNA MURHTY, JIDDU"
1502,"RAO,P.V.B.K"
1503,"VENKATA SUBBIAH, VALLAMPATI"
1504,"PRASAD, M.V.S"
1505,PRUDVI LAXMI KANAKA DURGA
1506,"VENKATA SUBBARAO, NANDURI"
1507,J.P. ACADEMIC SERIES
1508,GOPI & SUDHA
1509,"VENUGOPAL,K.R"
1510,"SHARMA,S.K"
1511,"NARAYANA REDDY, C"
1512,"SHARMA,A.K"
1513,"RAMAKRISHNA, BUDARAJU"
1514,VIJAYA LAXMI MOOLE
1515,"LIPSON,MARC"
1516,"VENU GOPAL, PANNALA"
1517,HARRAY
1518,"JAIN,P.K"
1519,SAI DEDIPYA
1520,"AHUJA,O.P"
1521,KHALIL AHMAD
1522,"LIU,C.L"
1523,"GOPALA KRISHNAN,N.S"
1524,"ABBEY,MICHEAL"
1525,"MANGESH,G"
1526,"SITARAMACHARYULU, B"
1527,"MURDESHWAR,MANGESH.G"
1528,"HALSALL,FRED"
1529,"CHANDRA SEKHRA REDDY, D"
1530,"JAIN,S.K"
1531,HUBBARD
1532,"NAGPAUL,S.R"
1533,"KRISHNA MURTHY, BHADRIRAJU"
1534,SUDARSAN NANDA
1535,"SIMMONS, GEORGE .F"
1536,"ROBERTSON,JOHN.S"
1537,"GLOVER, R"
1538,ELMA SRI
1539,NAVATHE
1540,"GREEN, N.P.O"
1541,"STOUT, G.W."
1542,"MUNKRES,JAMES.R"
1543,"VILLE,SOMMER"
1544,STROUPSTUP
1545,"SINGH,S.K"
1546,"AGARWAL, J.P"
1547,"GREYBOW,RAYMOND"
1548,"TONDO,CLOVIS.L"
1549,"GIMPEL,SCOTT.E"
1550,"DOGRA,S.K"
1551,"DOGRA,S"
1552,"DEO, S.G"
1553,"LAXMIKANTHAM, V"
1554,"RAGHAVENDRA, V"
1555,"KERNIGHAN,BRAIN.W"
1556,"RITCHIE,DENNIS.M"
1557,"SINDHU,P.S"
1558,"DE,A.K"
1559,ARNABKUMARDE
1560,JAGMOHAN
1561,"GUPTA,MOOL CHAND"
1562,ISHWAR DAS
1563,ARCHANA SHARMA
1564,NAMITA RANI AGARWAL
1565,"FREIND, GREORGE"
1566,"HADLEMENOS, J.GEORGE"
1567,"MEHROTRA,R.C"
1568,MILLER
1569,"SINGH,A"
1570,"LEVASSEUR,KENNETH"
1571,"XAVIER,C"
1572,CROWLEY
1573,"PATHAK, R.C"
1574,"AGARWAL, SURESH"
1575,"WHITTEN,JEFFRY.L"
1576,"KALIDAS,C"
1577,PREMCHAND
1578,"ANAND,S.K"
1579,"REBASKY,SAMUEL"
1580,"AHLUWALIA,V.K"
1581,SUDHA RAGHAV
1582,"POST,GERALD.V"
1583,"VEERA REDDY,K"
1584,"KAPOOR, SHYAMACHANDRA"
1585,"BHATIA, K.C"
1586,"SEKHAR,B.S"
1587,"NEGI,A.S"
1588,"ANAND,S.C"
1589,"GOPAL,PURI.K"
1590,"VARSHNEY, P.N"
1591,"MEISLICH,ESTELLE.K"
1592,"MEISLICH,HERBERT"
1593,"SHAREFKIN,JOSEPH"
1594,"SHARMA, NEERAJ"
1595,"SHARMA, DHAVARAM VEER"
1596,"SHARMA, DHIRAJ"
1597,"CERI,STEPHEN"
1598,"CHADA, S.K."
1599,"CHADA, AMIT"
1600,"ATHAWALE,V.D"
1601,"MATHUR,PARUL"
1602,"MUKHERJEE, SUBRATO"
1603,"BHATTACHARYA, ANJAN"
1604,GURUVINDER SINGH
1605,RACHPAL SINGH
1606,"PATTNAYAK, BISWAJEETH"
1607,JAWAHARLAL
1608,"SRIVASTAVA, SEEMA"
1609,"SHARMA, Y.R."
1610,BHATTACHARYA
1611,"BHATTACHARYA,P.B"
1612,SAMUEL GLASSTONE
1613,"SPIEGEL,MURRY.R"
1614,"HADLEY,G"
1615,"MARON,SAMUEL.H"
1616,"PRUTTON,CARL.F"
1617,"KEMP,WILLAM"
1618,"SARMA, Y.R"
1619,"RAMA RAO, K"
1620,"SASTRY,S.S"
1621,"RAMAN,K.V"
1622,"SATYANARAYANA, U."
1623,"MURALI KRISHNA,K.V.S.G"
1624,MAARGA SEERSHA
1625,"PRASAD,K.V.K.K"
1626,"FURNISS,BRAIN.S"
1627,"CLAYDEN,JONATHAN"
1628,"SMITH,MICHAEL.B"
1629,"RAMACHANDRA ARYA SAI, A"
1630,"RAMANA MURTHY, VV"
1631,"ELIEL,ERNEST.L"
1632,"FUNK,WILFRED"
1633,"RAVI, KALAKOTA"
1634,"WHINSTON ANDREW, B"
1635,KENNETH HOFFMAN
1636,RAY KUNZE
1637,"SINGH,G"
1638,"CHAMPE, PAMELA C."
1639,"HARVEY RICHARD, V"
1640,"GURUSHARAN,SINGH"
1641,"SALISBURRY,FRANK.S"
1642,"VISWANATHAN,N.V"
1643,JAYADEV SREEDHAR
1644,"POWELL,TOMAS.A"
1645,"NEWARD,TED"
1646,"TULI,G.D"
1647,"MADAN,R.D"
1648,"KOLB,MARK.A"
1649,KIRAN KUMAR
1650,"CARRUTHERS,W"
1651,"LEMAY,LAURA"
1652,"ALBERT COTTON,F"
1653,FREIFELDER.DAVID 
1654,"SHRIVER,D.F"
1655,"ATKINS,P.W"
1656,"NARASIMHA RAO, C.V.L"
1657,"PYLE,MICHEAL"
1658,PAMELA
1659,"RAGHAVA NAYAKULU, S.V"
1660,"CONWAY,JOHN.B"
1661,"NAYAKULU,S"
1662,"LAKSHMANA SETTY, B"
1663,"NAGESWARA RAO, S"
1664,"SOMASEKHAR RAO,KAZA"
1665,"NAGAKRISHNA VANI,KAZA"
1666,"SHANKER RAO, G"
1667,"ANAND,SHYAM.K"
1668,"CLYDEDAY,M"
1669,"SELBIN,JOEL"
1670,"PRASAD,B.K"
1671,"WILLWAMS,DUDLEY .H"
1672,"FLEMING,IAN"
1673,"WEBSTER,FRANCIS .X"
1674,"RAO,K.R"
1675,"SRIDEVI, G"
1676,"LAIDLER,KEITH .J"
1677,"YADAV,J.B"
1678,"RAO,C.N.R"
1679,"DAVIDSON,GEORGE"
1680,"TRIVEDHI,K.S"
1681,"DEY,B.B"
1682,"SITARAMAN,M.V"
1683,"SHAPIRO, JEFFREY R"
1684,"MERCER, DAVE"
1685,PATTABHI RAMANAYYA
1686,"JANAKI,V"
1687,NEGUS CHRISTOPHER
1688,"BALI,N.P"
1689,HARIKRISHAN
1690,"CHATTERJI,P.N"
1691,"ZACKER, CRAIG"
1692,"RURKE, JOHN"
1693,DEVIPRASAD
1694,"MALHOTRA, V.K."
1695,"LAY,DAVID .C"
1696,"SHETH,I.H"
1697,"PANDA, U.N"
1698,"MAHAPATRA, T.K."
1699,"RANGANATH,G.K"
1700,"SOORYANARAYANA,B"
1701,"BHARADWAJ, MURALI"
1702,PARAS
1703,"YADAV, ARAVIND, S"
1704,"RAISINGHANIA,M.D"
1705,"DASS,H.K"
1706,SHANTINARAYAN
1707,"KASANA,H.S"
1708,"ROSS,TIMOTHY.J"
1709,"CHATTERJEE,DIPAK"
1710,"KRISHNAN,V.K"
1711,"YUAN,BO"
1712,"KLIR,GEORGE.J"
1713,AGOURDIN
1714,"BOUMAHRAT,M"
1715,"KUMARESAN,S"
1716,"ANDREWS,LARRY .C"
1717,"SHIVAMOGGI,BHIMSEN .K"
1718,"LEVINE,IRA.N"
1719,"DYER,JOHN .R"
1720,"GOFFMAN,CASPER"
1721,"PEDRICK,GEORGE"
1722,"GOLDSTEIN,HERBERT"
1723,"POOLE,CHARLES"
1724,"SAFKO,JOHN"
1725,"KUMAR,V"
1726,"SZASZ,GABOR"
1727,"MALIK,WAHID .U"
1728,"PARSONS, ANDREW, F"
1729,"FIFIELD, F.W"
1730,"KEALY, D"
1731,"SILBEY, ROBERT J"
1732,"ALBERTY, ROBERT A"
1733,MKU MATERIAL
1734,"ATIYAH, M.F."
1735,"SKOOG,DOUGLAS.A"
1736,"GRAHAMSOLOMONS,T.W"
1737,"HORNGREN, CHARLER T."
1738,"STNATTOM, WILLIAM. O"
1739,"SYKES,PETER"
1740,"MOORE,WALTER .J"
1741,"CHANDRA,A.K"
1742,"GANDHI, J.C."
1743,"DATAR, SRIKANT. M"
1744,"FOSTER, GEORGE"
1745,"MCQUARRE,DONALD.A"
1746,"RAMA SWAMY, V.S."
1747,"NAMAKUMARI, S"
1748,"NEWSTROM, JOHN.W."
1749,"BRUCKNER,REINHARD"
1750,"DAVIS, KEITH"
1751,"APPARAO,T"
1752,"SARMA, R.C"
1753,"DESSLERE, GARY"
1754,"WARREN,STAURT"
1755,"SIRKANTH, M"
1756,"GOLDBERG,DAVID .E"
1757,"KRUPANANDANAM,G.L"
1758,"MASSIE, JOSEPH.L"
1759,"SATHYANARAYANA,D.N"
1760,"ETZEL, MICHAEL.J"
1761,"FLIPPO, EDVIN.B"
1762,"STONER, JAMES.A"
1763,"FREEMAN, EDWARD.R"
1764,"GILBERT, DANIEL.R"
1765,"SHARMA, R.C"
1766,"DEAN, JOEL"
1767,"STONIER, ALFREAD. W"
1768,"HAUGE, DOUGLAS.C"
1769,"BATRA VIJAY, "
1770,"BATRA, PROMOD"
1771,"MAHENDRU, DEEPAK"
1772,FOSTER
1773,HORGNEN
1774,DATAR
1775,"MONAPPA, ARUN"
1776,"SHARPE,ALAN,G"
1777,"MEISSLER,GARY.L"
1778,"TARR,DONALD.A"
1779,"EBBING,DARRELL .D"
1780,"PARASHAR,R.K"
1781,"ALSOP,STEVE"
1782,"HICKS,KEITH"
1783,"NAGAMANI REDDY,L"
1784,"RAMABHADRA SARMA,I"
1785,"RANGARAO,P"
1786,"RATNA SHIELA MANI,K"
1787,VISWANADHA RAO
1788,"JAYAPRADHA,C.L.L"
1789,SHYAMALA
1790,"SATYANANDAM,G"
1791,"ARULDHAS,G"
1792,"COHEN,BERNARD.L"
1793,"MATHEWS,P.M"
1794,"VENKATESAN,K"
1795,"AZAROFF,LEONRD.V"
1796,"GRABEL,ARVIN"
1797,"ZEMANSKY,MARK .W"
1798,"DITTMAN,RICHARD.H"
1799,"ARFKEN,GEORGE .B"
1800,"WEBER,HANS .J"
1801,"THANKAPPAN,V.K"
1802,"MERBACHER,EUGEN"
1803,"GRIFFITHS,DAVID .I"
1804,"BHAT,SUJATHA .V"
1805,"NAGASAMPAGI,B.A"
1806,"SIVAKUMAR,M"
1807,"DEKKER,A.J"
1808,"REIF,FEDERICK"
1809,"JACKSON,JOHNDAVID"
1810,"LATHI,B.P"
1811,VISHNUVARDHAN
1812,"VIJAYAMMA,J"
1813,"MALLAIAH,K.V"
1814,"BOYLESTAD,ROBERT.L"
1815,"NASHELSKY,LOUIS"
1816,"SYAMASUNDAR,B"
1817,"HALL,H.S"
1818,"KNIGHT,S.R"
1819,"GUPTA,ASIT DAS"
1820,"ROSS,SHEPLEY .L"
1821,"SCOTT,W.R"
1822,"VASISHTHA,A.R"
1823,"VASISHTHA,A.K"
1824,"GUPTA,K.P"
1825,"KAPUR,J.N"
1826,"MCOWEN,ROBERT .C"
1827,PRAKASH OM
1828,"KRISHNARAO,D"
1829,"HARANADH,C"
1830,"NIRMALA MARY,T"
1831,"TILAK,K.S"
1832,"VIVEKA VARDHANI,V"
1833,"FLAMING ,BRYAN"
1834,"FLAMING,BRYAN"
1835,"SIEVER,ELLEN"
1836,"WALTHER,STEPHEN"
1837,"CLINE,MARSHALL"
1838,"LOMOW,GREG"
1839,"GIROU,MIKE"
1840,"HAROLD,ELLIOTTE RUSTY"
1841,"DANESH,ARMAN"
1842,"HOBBS,ASHTON"
1843,"SANJAYA,HETTIHEWA"
1844,"KELLY,STAN"
1845,BOOTLE
1846,"BOUTON,GARY DAVID"
1847,"BOUTON,BARBARA MANCUSO"
1848,"KUBICKE,GARY"
1849,"MAHAPATRA,P.B"
1850,"AKLECHA,VISHWAJIT"
1851,"FOLEY,MICHAEL.W"
1852,"CULLEY,MARK.MC"
1853,"MORRISON,MICHAEL"
1854,FEYMAN
1855,LEIGHTON
1856,SANDS
1857,"SUBRAHMANYAM, D.V"
1858,PRAMILA.N
1859,"VENKATA KAVULU, TIRUPATHI"
1860,"VENKATAKAVULU, TIRUPATHI"
1861,"RAMA MOHAN ROY,K"
1862,CSR
1863,"THOMPSON, A.J"
1864,"LIBERTY,JESSE"
1865,"KEOGH,JIM"
1866,"DEO,NARSINGH"
1867,"HOFFMAN,KENNETH"
1868,"KUNZE,RAY"
1869,"LEVY,LEON S"
1870,"POE,ARTHUR"
1871,"CHARNIAK,EUGENE"
1872,"MCDERMOTT,DREW"
1873,"MADHAIAH SASTRY, S"
1874,"SWARUP,KANTI"
1875,MANMOHAN
1876,"ZUBAY,B"
1877,"WINSTON,PATRICK HENRY"
1878,"GONZALEZ,RAFAEL C"
1879,"WOODS,RICHARD E"
1880,"HOLZNER,STEVEN"
1881,"MADNICK,STUART E"
1882,"WEISS,MARK ALLEN"
1883,"BIRKHOFF,GARRETT"
1884,"BARTEE,THOMAS C"
1885,"PELAGATTI,GIUSEPPE"
1886,"PRESSMAN,ROGER S"
1887,"SINGHAL,MUKESH"
1888,"SHIVARATRI,NIRANJAN G"
1889,"PERSHAD,DHANANJAY"
1890,"MOTT,JOEL"
1891,"KANDEL,ABRAHAM"
1892,"BAKER,THEODORE P"
1893,"STALLING,WILLIAM"
1894,"FAIRLEY,RICHARD .E"
1895,"KHAN,M.Y"
1896,GURUCHARAN
1897,"KALAKOTA,RAVI"
1898,"WHINSTON,ANDREW. B"
1899,"MURPHY,PAUL"
1900,PETELOSHIN
1901,AJAY KUMAR
1902,"BALL,BILL"
1903,"GARRET,DAVID "
1904,"OUALLINE,STEVE"
1905,"REINSTEIN,ROBERT"
1906,"BROWNSTEIN,SAMUEL .C"
1907,"WEINER,MITCHEL"
1908,"WEINERGREEN,SHARON"
1909,"SURESH BABU,B"
1910,KISHANRAO
1911,"PRASAD,N.V.R"
1912,"SRINIVASARAO,D"
1913,"NOBLESULLIVAN,PATRICIS"
1914,"YIGIUZHONG,GRACE"
1915,"ABELBREMNER,GAIL"
1916,"RABINSON,ADAM"
1917,"KATZMAN,JOHN"
1918,"SHARPE,PAMELA .J"
1919,"STEVENS,ROGER.T"
1920,"MASTERSON,MECHAEL"
1921,"KNICF,HERMAN"
1922,ERICROAL
1923,"OSBORNE,SANDRA"
1924,"SIYAN,KARANJIT .S"
1925,HOWEE.REAZ
1926,"MCCARLY,BILL"
1927,"DORION,LUKE CASSALY"
1928,"BAJAJ,KAMALESH .K"
1929,"NAG,DEBJANI"
1930,"HOFFMAN,PAUL"
1931,"VANHELSAWE,LANRENCE"
1932,"WEBER,JOSEPH"
1933,"COWART,ROBERT"
1934,"BAKER,PAULINE .M"
1935,"RAJARAM,R"
1936,"WATKINS,CHRISTOPHER .D"
1937,"ROBERTS,SIMON"
1938,"HELLER,PHILIP"
1939,"ERNEST, MICHAEL"
1940,"COUCHMAN,JASON .S"
1941,"ASBURY,STEPHEN"
1942,"MATHEWS,JASON"
1943,SELENASOL
1944,"GREER,KEVIN"
1945,"STROM,ERIK"
1946,"COLBURN,RAFE"
1947,SAMS
1948,"RITCHIE,COLIN"
1949,"BOBROWSKI,STEVE"
1950,MEETAGANDHI
1951,TILAKSHETTY
1952,RAJIVSHAH
1953,"ROBERTLADD,SCOTT"
1954,"CRUMLISH,CHRISTIAN"
1955,"GILBERT,STEPHEN"
1956,"ALLEN,MITCH"
1957,"HARVIE,JOHN.B"
1958,"PURCELL,LEE"
1959,"JANEMARA,MARY"
1960,"ORFALI,ROBERT"
1961,"HARKEY,DAN"
1962,"WALSH,AARON"
1963,"FRONCKOWIAK,JOHN"
1964,"PARKER,JIM"
1965,"BLAHA,MICHAEL"
1966,GRADYBOOCH
1967,"VILLAMIL,JOHN"
1968,"MOLINA,LOUIS"
1969,"McGLOUGHLIN,STEPHEN"
1970,ACKERMANN
1971,"ACKERMANN,ERNEST"
1972,"THAOMPSON, A.J."
1973,PETER KENT
1974,"CADENHEAD,ROGER"
1975,"KISHORE,NAVAL"
1976,"ATKINS,DEREK"
1977,"HARRAH CADY,GLEE"
1978,"McGREGOR,PAT"
1979,"RAY,DEBORAH .S"
1980,"RAY,ERIC .J"
1981,"BLACK,UYLESS"
1982,"WHITING,BILL"
1983,"MORGAN,BRYAN"
1984,"PERKINS,JEFF"
1985,"GOODMAN,DANNY"
1986,"HEYWOOD,DREW"
1987,"MEZLCK,DANLER"
1988,"HILLER,SCOL"
1989,"FEDORA,ALEX"
1990,"HARIKEY,DAN"
1991,"BOONE,BARNY"
1992,"DEITEL,P.J"
1993,"HORSTMANN,CAY.S"
1994,"CORNEL,GARY"
1995,"ANDERSON,CARRIE"
1996,"WENDELKEN,DAVID"
1997,"SOLOMAN,DAVID.A"
1998,"TIMGORMON,GRAYDODGE"
1999,"ANANY,LEVITIN"
2000,"HARRY,LEWIS.R"
2001,RAVI SHANKAR
2002,"STILL,RICHARD .R"
2003,"CORMEN,THOMAS.H"
2004,"ELLIOTTE RUSTY,HAROLD"
2005,"AGARWAL,R.D"
2006,"BHAVE,M.P"
2007,"PATEKAR,S.P"
2008,"BECK,LELAND .L"
2009,"LORAYNE,HARRY"
2010,"KAMTHANE,ASHOK .N"
2011,"CARPINELLI,JOHN .D"
2012,"DROMEY,R.G"
2013,"WALPOLE,RONALD .E"
2014,"VENKATESHMURTHY,M.G"
2015,"MYERS,RAYMOND .H"
2016,VEERARAJAN.T
2017,"JONES,JACQUELINE"
2018,"DANDAMUDI,SIVARAMA .P"
2019,"ROSEN,KENNETH .H"
2020,"JOHNSON BAUGH,RICHARD"
2021,"KANTER,JEROME"
2022,"QUATRANI,TERRY"
2023,"DAVIS,PHYLLIS"
2024,"SCHWARTZ,STEVE"
2025,SHASHANK JAIN
2026,SATISH JAIN
2027,MANAHAR LOTIA
2028,SHAILESH TARK
2029,"YOUNG,MICHAEL .J"
2030,STEVE BAIN
2031,NICK WILKINSON
2032,"BRONSON,GARY .J"
2033,VISHNUPRIYA SINGH
2034,MEENAKSHI SINGH
2035,"ARUN, K.PUJARI"
2036,"DAVID, E.SIMON"
2037,ADRIANNS.P
2038,ZANTINGE.D
2039,"DANIEL, W.LEWIS"
2040,"HAN, JAIWEI"
2041,MICHELINE KAMBER
2042,"BRASSARD,GILLES"
2043,"BRATLEY,PAUL"
2044,"HAGAN,MARTIN"
2045,"RAJASEKHARAN,S"
2046,"BASSE,SARA"
2047,"VANGELDER,ALLEN"
2048,"KOSKO,BART"
2049,"PHILLIPS,DWAYNE"
2050,"LEWIS,DANIEL .W"
2051,"JAIN,ANIL.K"
2052,"LANTINGE,DOLF"
2053,"CHANDA,B"
2054,"MAJUMDER,D.D"
2055,"BRUEGGE,BERNARD"
2056,"DUTOIT,ALLEN .H"
2057,"MEYERS,SCOTT"
2058,"TAMER OZSU,M"
2059,"VALDUREIZ,PATRICK"
2060,"WEBBER,RON"
2061,"SEBESTA,ROBERT .W"
2062,"PERRY,DOUGLAS.L"
2063,"BHASKAR,J"
2064,"BURNETT,STEVE"
2065,"PAINE,STEPHEN"
2066,"ELMASRI,RAMEZ"
2067,"NAVATHA,B"
2068,"URMAN,SCOTT"
2069,"COMMER,DOUGLAS .E"
2070,VEERAIAH.K
2071,"ROGERS,DAVID .F"
2072,"HAYKIN,SIMON"
2073,"RODDY,DENNIS"
2074,"COOLEN,JOHN"
2075,"RAVIKANT,TANALI"
2076,"CHILDS,MATT"
2077,"FLOK,MICHAEL .J"
2078,"RICARDI,GREG"
2079,"PANTINGTON,A"
2080,"BRAUDE,JACOB .M"
2081,"UMMERKUTHY,N.P"
2082,"MOWBRAY,THOMAS.J"
2083,"PRASADA RAO, M.H."
2084,"BARR, MICHAEL"
2085,"STEVENSON, DAVE ENSOR"
2086,"GOPALA KRISHNA, N.S."
2087,"RAO, V.S.P."
2088,"NARAYANA, P.S."
2089,"MAINRA, V"
2090,"GENNICK, JONATHAN"
2091,"OUALLINE, STEVE"
2092,"CHAUHAN, S.K."
2093,"ROY,D.N"
2094,"BALACHANDRA RAO, S"
2095,"MURTHY, C.S.V"
2096,"MURALI KRISHNA,I.V"
2097,"CHHABRA,BHUPENDRA SINGH"
2098,AMIT SINGH
2099,"GRIVER,YAIR ALAN"
2100,"SMITH,NORMAN.E"
2101,VALLURU RAO
2102,HAYAGRIVA RAO
2103,"GROVER, SUMIT"
2104,"KNUDSEN,JONATHAN"
2105,"SEO,K.K"
2106,"CAUVERY,R"
2107,"GIRIJA,M"
2108,"SAWYER,BEN"
2109,"WOODCOCK,JOANNE"
2110,"SARMA, H.V."
2111,GERALD READ
2112,"GUPTA, SASHI, K."
2113,"KUCHHAL, S.C"
2114,SALINGER SEARS
2115,"MITTAL, S.K."
2116,"BHUSHAN, KISHORE, P"
2117,"BASU, CHITTARANJAN"
2118,"GHATAK, A.K"
2119,"JOHNSON, RICHAD.A"
2120,"STREETMAN, BEN.G"
2121,"GILMORE, CHARLES.M"
2122,"SRIDEVI, P"
2123,SASI KUMAR.V
2124,KIRANMAI DUTT
2125,GEETHA RAJEVAN
2126,RAJPUT.B.S
2127,GOYAL.I.C
2128,CHUA.S.J
2129,"SAI CHANDRA VADAN,S.V"
2130,"SIVAYYA,K.V."
2131,"DAS,V.B.M."
2132,"KONDALA RAO,P.A."
2133,SRINIVAS SARMA
2134,"GOPI,C."
2135,"SRINIVASA RAO,V"
2136,"CHATWAL,R.GURUDEEP"
2137,"BHIMMASANKARAN, T."
2138,"SUNDARA RAJAN, S."
2139,"GOPAL REDDY, M."
2140,"REDDY, M.N."
2141,"SAIGOPAL, D.V.R."
2142,"MALLIAH, K.V."
2143,"ARORA, M.N."
2144,"MITHANI, D.M."
2145,"MALLIKARJUN, S.L.V."
2146,SRI VIKAS PUBLICATIONS
2147,"KONDALA RAO, P.A."
2148,"SREE KUMARI, S."
2149,"FISHER, J."
2150,"ARNOLD, J.R.P."
2151,BOURGAIZE
2152,JEWELL
2153,BUISER
2154,ATLAS
2155,BARTHA
2156,"PANDEY, S.N."
2157,"SINHA, B.K."
2158,"DASH, M.C."
2159,"ZWEIGER, GARY"
2160,"JAIN, SUNJAY"
2161,"JAIN, NITIN"
2162,"VASHISHTA, B.R."
2163,"SINHA, A.K."
2164,ADARSH KUMAR
2165,"SINGH, V.P."
2166,"PARSONS, ANDREW.F."
2167,PRANAB KUMAR
2168,BENARJEE
2169,EKAMBARANATHA AYYAR
2170,ANANTHA KRISHNAN
2171,"DUTTA, A.C"
2172,"KOTPAL, R.L."
2173,"JAYARARAJ, M.S."
2174,"SIVARAJAN, V.V."
2175,AHSAN JAWID
2176,"SINHA, S.P."
2177,"GURR, M.I."
2178,"HARWOOD, J.L."
2179,"FRAYN, K.N."
2180,"SMITH, A.F."
2181,"BECKETT, G.J."
2182,"WALKER, S.W."
2183,P.W.H.RAE
2184,GERHARD FUCHS
2185,TOMBS MICHAEL
2186,"HARDING, E.S."
2187,"BOWER, JAMES.M."
2188,BOLOURI HAMID
2189,"STEPHENSON, F.H."
2190,"SINGH, R.S."
2191,"KANNAN, N."
2192,"AGARWAL, K.M."
2193,"SIKDAR, P.K."
2194,"SRIVASTAVA, S.R."
2195,"SHARMA, O.P"
2196,NARINNDER KUMAR
2197,NARINDER KUMAR
2198,"SIVARAM, M."
2199,VENKAYYA.K
2200,"VITTAL RAO, Y"
2201,"SAMBASIVARAO, K.R.S."
2202,"GOPALA KRISHNA, CH."
2203,"PRASAD, S.V.S."
2204,HARANATH KUMAR
2205,"MARUTHI SANKAR, J."
2206,"VIJAYA KOTESWARI, M"
2207,"KRISHNA KUMARI, P"
2208,"HEMALATHA, V"
2209,"SYAMALA, U"
2210,"AKHILESWARI, M"
2211,"OMKAR REDDY, V"
2212,"KODIAH, K"
2213,"VEERAIH, K"
2214,"GOPALA RAO, N"
2215,"KRISHNA SATYA, A"
2216,"KRISHNA RAO, B.V."
2217,"SHARMA, S.V"
2218,VIKRAM SETH
2219,AVADHANULU.M.N
2220,CHATTERJEA.M.N
2221,RATANA RAJU.R.D
2222,"MERZBACHER, EUGEN"
2223,BAKER.TANIA.A
2224,BELL.S.P
2225,"PAUL, S.KR"
2226,"SANTRA, S.C"
2227,"CHATTERJEE, T.P"
2228,"GHOSH, A.K."
2229,"CHALCI, K.K"
2230,"KUNDU, GAUTAM"
2231,"PANDEY, KAMALESWAR"
2232,ADHIKARY
2233,SINGH & TOMAR
2234,"SADAVA, DAVID.E"
2235,"METZ, CLYDE.R"
2236,ODIAN GEORGE
2237,BELI IRA
2238,SHAHI RANJEET
2239,BHAGAT POOJA
2240,AGGARWAL RENU
2241,"KAMA SATYANARAYANA,P"
2242,NAGABHAIRAVA AADINARAYANA
2243,"SRINIVASA RAO, I"
2244,"VENKAIAH, K"
2245,"MARUTHI SASNKAR, J"
2246,ANNIE RAGLAND
2247,"NARAYANAN, L.M"
2248,"FATIMA,DULSY"
2249,"RAMANJANEYULU,R"
2250,"MANOHARACHARY,C."
2251,"JAYARAMA REDDY,P"
2252,ANJANEYULU.Y
2253,RAJAGOPALAN.R
2254,"RICHARDS,J.C"
2255,"NARASIMHA MUTHI,C.V.L"
2256,"SUSMITHA PRIYA,V"
2257,"Mc CLAIN,MOLLY"
2258,"ROTH,D.JACQUELINE"
2259,SUZANNE SPARKS FITZ GERALD
2260,EUGENE ENRLICH
2261,"ENRLICH,EUGENE"
2262,JAIN.D.K
2263,KUNDAN.K
2264,VIRMANI.A.K
2265,CEDRIC MIMS 
2266,APPLACHARUYU.K.V.L.N
2267,SANKARA SAI BABU.K
2268,SWAROOP KUMAR.K.V.G
2269,SIVA KRISHNA.S.V
2270,NALINI KUMARI.S
2271,EKAMBARESWARA RAO.S
2272,NAGABHUSHANAM.P
2273,YANADI REDDY.M
2274,VIJAYA LAKSHMI.R
2275,VAMSI KIRAN.G
2276,SAMBASIVA RAO.M
2277,SRIDEVI.R
2278,SNEHA BARKER
2279,ILLA VIJ &MARYANN VAISOHA
2280,MRINALINI PRADHAN
2281,VAISHALI SHARMA
2282,SUDHA MAHESH
2283,SAMSON THOMAS
2284,JUDY WEST &CAROLYNE HEARNS
2285,JUDY HARJINDER VIRDIY VETT D.SOUZA
2286,FIONA DE MENEZES VIRGENIA FOUNECA
2287,S.LATA
2288,SHUBHA SUBRAMANIAM
2289,"RUPASH PATHAK,&VAISHALI BHATIA"
2290,V.K SALLY
2291,Dr. R. GOEL
2292,S.K AGGARWAL
2293,TEAM CHRYSALIS
2294,CHRYSALIS KG CURRICULAM
2295,BRITANICA EDUCATIONAL 
2296,CHRYSALIS
2297,GEETHA RAJEEVEN
2298,INDIRA SRINIVASAN
2299,NIRMALA JAIRAJ
2300,C L N. PRAKASH
2301,SEFALI GHOSH
2302,D.S.SHRIMALI
2303,PREETIKA SAWHNEY
2304,RAJESH SINGH
2305,VINITA MALHOTRAS
2306,T.O SEBASTIAN
2307,MONICAA ABHIJIT
2308,PREETIKA SAWHMEY
2309,CHINNA OOMAN
2310,GEETA PADMANABHAM
2311,LULU THAMPAN
2312,JYOTHI SWAROOP
2313,SHEFALI RAY
2314,VANDANA R.SINGH
2315,JAIPAL SINGH
2316,AASHALATA BADAMI
2317,NOOR MOHAMMED
2318,P.SATYA PRASAD
2319,RENU ANAND
2320,AASHALATHA BHADAMI
2321,M.S.SIDDIQUI
2322,K G JAYA LAKSHMI
2323,A.PARKER
2324,Mrs. SHALINI SIRSI
2325,PREET RUSTAGI
2326,ZAINAB H.RAZAVI
2327,SANGEETA DUTTA
2328,RENU PUNHANI
2329,ANJALI DAYAL
2330,VINITA KHANNA
2331,RATNA SAGAR
2332,R.S AGGARWAL
2333,MAXMULLER
2334,S.K GUPTA
2335,YASMIN PANTHAKI
2336,VAISHALI GUPTA & ARURADHYA GUPTA
2337,MANJULA KHULLER
2338,KIRAN ASHOK KUMAR
2339,SANAYA NARIMAN
2340,VEER BALA RASTOGI
2341,STALIN MALHOTRA
2342,SUMITRA SIROMANI
2343,VAISHALI GUPTA
2344,K.ALAMELU
2345,ANJALI DERE
2346,D.P BHANOT
2347,"S.K RAM, J.A MASON"
2348,UMA RAMAN
2349,"RATNA SAGAR,UMA RAMAN"
2350,B.SESHU KUMARI
2351,B.P.S BEDI AMITA ARATHOON
2352,UMA A. SHANKER
2353,MALA PALANI
2354,VIVA
2355,A.SATYA NARAYANA REDDY
2356,SHEFALI BAKSHI
2357,DEBJANI RUDRA
2358,POOJA KEWLANI
2359,MALATHY KRISHNAN
2360,GAYATHRI KHANNA
2361,FRANCIS M.PETER
2362,MAC MILLIAN
2363,GEETA UNNITHAN
2364,KUNAL SAVARKAR SEEMA CHARI
2365,KAVITA OBEROI
2366,BALJEET K VIRDI
2367,PREMILA SHARMA BALIJEET K VIRDI
2368,ILLA VIJ PREMILA SHARMA
2369,MALINI KHATRI
2370,GITA NATH
2371,BEENA SUGATHAN
2372,C.SIVA KUMAR
2373,BRINDER AULAKH
2374,P.MADHAVAN
2375,PADMINI SAMEERAN
2376,NARENDRA KAUR
2377,ILLA VIJJ
2378,NEENA KAUL
2379,RITU GALATI
2380,NK AGGARWALA
2381,ROHINI JYOTI
2382,P.BHANOT
2383,PRENA PASRICHA
2384,ANITA VASUDEV
2385,ANITHAMV VASUDEV
2386,KATHLEEN HEY
2387,PUSHPA JAIN
2388,VINITA KUMAR
2389,S.LATHA
2390,JHARNA DE
2391,BEBJANI RUDRA
2392,VIKY ARYA
2393,VANDANA BIST
2394,XSEED
2395,KRISH CHAUHAN
2396,ILLA VIJ
2397,MARYANN  VAISOHA
2398,GANIT C. SAILAJA
2399,C.SAILAJA
2400,ROHIT KHURANA
2401,SUNITA ARORA
2402,LATHA THERGONKAR
2403,MP.BHASKARAN
2404,ML.TICKOO
2405,SMART START
2406,GOYAL BOOKS
2407,ABHA SAHGAL
2408,SCHOLASTIC
2409,PRISM
2410,GITA DUGGAL
2411,SURENDRA DASS
2412,RENUKA KAUL
2413,KRITI PRAKASHAN
2414,PEARL SCOTT
2415,VED DUDEJA
2416,RADHA KUMAR
2417,RADHA KRISHNA KUMAR
2418,SOMA BAKHANDI
2419,KANUL SAVAKAR SEEMA CHARI
2420,G. RAMESH NAIDU
2421,C.J.RIDOUT & SK GUPTA
2422,JYOTHI BHANSALI & ANUPAM SINHA
2423,KRIS SRIKANTH
2424,MAYA SUKUMARAN
2425,GEETHA CHADHA YADAV
2426,PRERNA PASRICHA RENU VERMA 
2427,MALA SINHA GEETA ARORA
2428,C.J RIDOUT & S.K GUPTA
2429,PRATIMA SAXENA RAI YASHENDRA PRASAD 
2430,UJJAYINI RAY
2431,D.P BHANOT & SHELLY SANGAR
2432,DR.PREET RUSTOGI
2433,D.S SHRIMALI
2434,S.K GUPTA& ANUBHUTI GANGAL
2435,MONICA ABHIJIT
2436,NIMMI JAIN
2437,RENU ANAND NASIRUDDIN KHAN
2438,LORRAINE MIRZA
2439,VARINDER PURI
2440,TATA MAC GRAW
2441,SK.GUPTA &ANUBHUTHI GANGAL
2442,T.O.SEBASTIAN
2443,"S.K GUPTA,&A.GANGAL"
2444,M.DOSHI & VIVITA KUMR
2445,MACHURI
2446,UNIVERSAL
2447,C.J RIDOUT & SK GUPTA
2448,S.N AGGARWAL & YOGESH KHEMKA
2449,GEETA UNNITHAM &INGRID IRANI
2450,VIBHA ROY & REENA JAIN
2451,SUSHMITA MALIK &ABHA SANGAL
2452,SUSHMITA MALIK
2453,TEAM OF EXPERTISE
2454,RUBY KOLEY
2455,MAXMULLAR
2456,N.K CHOWDARY
2457,NAVNEET
2458,ORIENT BLACK SWAN
2459,HOLYFAITH
2460,VIKRAM
2461,A.ARORA
2462,C.N SUBRAHMANYAM
2463,SHALINI SIRSI
2464,MRS.TERESA PAUL
2465,B.INDRANI
2466,S.C GUPTA & ANNIE MATHEW
2467,ANITHA VASDEV
2468,VINITA MALHOTRA
2469,MARIE SOLOMON
2470,RITA CORNELIUS
2471,B.SESHA KUMARI
2472,A.SATYA NARAYANA
2473,JOSE PAUL
2474,RITU GULATI
2475,ILLA VIJ & MARYANN VAISOHA
2476,RITU  TANEJA
2477,MADHU MANGAL SINGH
2478,LIB STEPHEN
2479,M.DOSHI  
2480,SEEMA BALI
2481,ANDRE BRUYLANTS
2482,MAX MULLER
2483,SHAKUNTALA DATTA
2484,VINEETA KUMAR
2485,R.GOEL
2486,FRANCIS FANTHOMA
2487,BUVANA BALA SUBRAMANIAM
2488,CHITRA SHASTRI
2489,DEEPIKA JAIN
2490,VANITHA MALHOTRA
2491,P.GEETHA
2492,VIPUL SINGH 
2493,ANITA ARATHOM
2494,VIJAYA SRIDHARAN
2495,MUKTA MISRA
2496,NANDANAM KRUPEKAR
2497,MARY GEORGE
2498,PRERNA PASRICHA
2499,BHUVANA BALA SUBRAMANIAN
2500,BHUVANA
2501,MUKUL SAHGAL
2502,KARTIKEY KUMAR
2503,V.SUMANA RANI
2504,DEEPA BHANDANI
2505,VIKAS ARORA
2506,ANJNA VIRMANI
2507,DHARMENDRA KUMAR
2508,V.SESHA SRINIVAS
2509,N.SUBRAMANIAN
2510,SANGEETA GUPTA
2511,GEETHA BALA CHANDRA
2512,CHANDRIKA JAINI
2513,MARI PUTTI
2514,SUCHANDRA SEN
2515,SANYA NARIMAN
2516,V.MAHESH
2517,NAVEDITA BEDADUR
2518,MARYANN VAISOHA
2519,RITU TANEJA
2520,BRITANNICA LEARNING
2521,REVATHI  VISWANATHAN
2522,J.HEMALATHA
2523,K.PADMINI SHANKAR
2524,MARYAN VAISOHA
2525,SAAKSHI SINGAL
2526,KALYANI SAMANTRY
2527,SANGHITA SEN
2528,T.SAMSON
2529,ANJANA VIRMAN
2530,ALOKE KESHYOEP
2531,ORANGE EDUCATION
2532,SUMITA BOSE
2533,ANEHITA LEE
2534,S.K RAM
2535,SUDHAKAR.S
2536,RUPA PANDIT
2537,ANURADHA MURTHI
2538,NINA SEGHEL
2539,SANGEETA KASHYAP
2540,SHARDE KAUSHIK
2541,FRANCIS M. PETER
2542,FRANCIS PETER
2543,MANJULA KHULLAR
2544,GEETA CHANDA YADAV
2545,PALLAVI BAHUGUNE
2546,B.N MEHTA
2547,SHAKUNTALA DATTE
